{"cameraMode":{"drawMode":0,"name":"Shaded","section":"Shading Mode"},"sceneLighting":false,"audioPlay":false,"sceneViewState":{"showFog":false,"showMaterialUpdate":false,"showSkybox":false,"showFlares":false,"showImageEffects":false,"showParticleSystems":false},"in2DMode":false,"pivot":{"x":-111.33161926269531,"y":1.358051061630249,"z":-5.2781524658203129},"rotation":{"x":0.18343926966190339,"y":0.5985849499702454,"z":-0.14324899017810822,"w":0.766507625579834},"size":8.083317756652832,"orthographic":false}