{"cameraMode":{"drawMode":0,"name":"Shaded","section":"Shading Mode"},"sceneLighting":true,"audioPlay":false,"sceneViewState":{"showFog":false,"showMaterialUpdate":false,"showSkybox":false,"showFlares":false,"showImageEffects":false,"showParticleSystems":false},"in2DMode":false,"pivot":{"x":-105.20726776123047,"y":13.38492202758789,"z":-10.186644554138184},"rotation":{"x":0.34387704730033877,"y":0.2770288586616516,"z":-0.10693909227848053,"w":0.8908239603042603},"size":1.8359498977661133,"orthographic":false}