{"cameraMode":{"drawMode":0,"name":"Shaded","section":"Shading Mode"},"sceneLighting":false,"audioPlay":false,"sceneViewState":{"showFog":false,"showMaterialUpdate":false,"showSkybox":false,"showFlares":false,"showImageEffects":false,"showParticleSystems":false},"in2DMode":false,"pivot":{"x":-112.72278594970703,"y":0.5000001192092896,"z":-13.324801445007325},"rotation":{"x":0.1375548243522644,"y":0.7745586037635803,"z":-0.18045790493488313,"w":0.5904080271720886},"size":4.042110443115234,"orthographic":false}