{"cameraMode":{"drawMode":0,"name":"Shaded","section":"Shading Mode"},"sceneLighting":false,"audioPlay":false,"sceneViewState":{"showFog":false,"showMaterialUpdate":false,"showSkybox":false,"showFlares":false,"showImageEffects":false,"showParticleSystems":false},"in2DMode":false,"pivot":{"x":-111.91860961914063,"y":0.5000001192092896,"z":-12.009793281555176},"rotation":{"x":0.1375548243522644,"y":0.7745586037635803,"z":-0.18045790493488313,"w":0.5904080271720886},"size":2.5578839778900148,"orthographic":false}