{"cameraMode":{"drawMode":0,"name":"Shaded","section":"Shading Mode"},"sceneLighting":false,"audioPlay":false,"sceneViewState":{"showFog":false,"showMaterialUpdate":false,"showSkybox":false,"showFlares":false,"showImageEffects":false,"showParticleSystems":false},"in2DMode":false,"pivot":{"x":-129.55087280273438,"y":-0.01248025894165039,"z":0.31312522292137148},"rotation":{"x":0.20221717655658723,"y":0.2971763014793396,"z":-0.0645529255270958,"w":0.930929958820343},"size":22.0,"orthographic":false}