{"cameraMode":{"drawMode":0,"name":"Shaded","section":"Shading Mode"},"sceneLighting":true,"audioPlay":false,"sceneViewState":{"showFog":false,"showMaterialUpdate":false,"showSkybox":false,"showFlares":false,"showImageEffects":false,"showParticleSystems":false},"in2DMode":false,"pivot":{"x":-115.18687438964844,"y":0.4999951124191284,"z":0.027823448181152345},"rotation":{"x":0.007073025684803724,"y":0.9729735255241394,"z":-0.22884196043014527,"w":0.03007287159562111},"size":2.857883930206299,"orthographic":false}