{"cameraMode":{"drawMode":0,"name":"Shaded","section":"Shading Mode"},"sceneLighting":false,"audioPlay":false,"sceneViewState":{"showFog":false,"showMaterialUpdate":false,"showSkybox":false,"showFlares":false,"showImageEffects":false,"showParticleSystems":false},"in2DMode":false,"pivot":{"x":25.227109909057618,"y":0.8767762780189514,"z":2.6568167209625246},"rotation":{"x":-0.7224929332733154,"y":-0.021354876458644868,"z":0.022337663918733598,"w":-0.6906920075416565},"size":0.7207497954368591,"orthographic":false}