{"cameraMode":{"drawMode":0,"name":"Shaded","section":"Shading Mode"},"sceneLighting":false,"audioPlay":false,"sceneViewState":{"showFog":false,"showMaterialUpdate":false,"showSkybox":false,"showFlares":false,"showImageEffects":false,"showParticleSystems":false},"in2DMode":false,"pivot":{"x":-110.71411895751953,"y":2.0000009536743166,"z":-12.467945098876954},"rotation":{"x":0.1375548243522644,"y":0.7745586037635803,"z":-0.18045790493488313,"w":0.5904080271720886},"size":14.289423942565918,"orthographic":false}