{"cameraMode":{"drawMode":0,"name":"Shaded","section":"Shading Mode"},"sceneLighting":false,"audioPlay":false,"sceneViewState":{"showFog":false,"showMaterialUpdate":false,"showSkybox":false,"showFlares":false,"showImageEffects":false,"showParticleSystems":false},"in2DMode":false,"pivot":{"x":-115.18687438964844,"y":0.4999951124191284,"z":0.027823448181152345},"rotation":{"x":0.09281843900680542,"y":0.7999253273010254,"z":-0.1282709389925003,"w":0.5788360834121704},"size":2.8578836917877199,"orthographic":false}